{
  "species": "cobblemon:egg",
  "order": 2,
  "variations": [
    {
      "aspects": ["type-egg-zorua"],
      "poser": "cobblemon:egg",
      "model": "cobblemon:egg.geo",
      "texture": "cobblemon:textures/pokemon/egg/pokemonegg_zorua.png",
      "layers": []
    },
    {
      "aspects": ["type-egg-zorua", "shiny"],
      "poser": "cobblemon:egg",
      "model": "cobblemon:egg.geo",
      "texture": "cobblemon:textures/pokemon/egg/pokemonegg_zorua.png",
      "layers": []
    }
  ]
}
