{
    "providers": [
        {
            "type": "bitmap",
            "file": "minecraft:ranks/default.png",
            "ascent": 8,
            "height": 8,
            "chars": [""] 
        },
        {
            "type": "bitmap",
            "file": "minecraft:ranks/rookie.png",
            "ascent": 8,
            "height": 8,
            "chars": [""]
        },
	{
            "type": "bitmap",
            "file": "minecraft:ranks/trainer.png",
            "ascent": 8,
            "height": 8,
            "chars": [""]
        },
	{
            "type": "bitmap",
            "file": "minecraft:ranks/explorer.png",
            "ascent": 8,
            "height": 8,
            "chars": [""]
        },
	{
            "type": "bitmap",
            "file": "minecraft:ranks/master.png",
            "ascent": 8,
            "height": 8,
            "chars": [""]
        },
	{
            "type": "bitmap",
            "file": "minecraft:ranks/admin.png",
            "ascent": 8,
            "height": 8,
            "chars": [""]
        },
	{
            "type": "bitmap",
            "file": "minecraft:ranks/helper.png",
            "ascent": 8,
            "height": 8,
            "chars": [""]
        },
	{
            "type": "bitmap",
            "file": "minecraft:ranks/moderator.png",
            "ascent": 8,
            "height": 8,
            "chars": [""]
        }
    ]
}