{
  "format_version": "1.12.0",
  "minecraft:geometry": [
    {
      "description": {
        "identifier": "geometry.egg",
        "texture_width": 64,
        "texture_height": 64,
        "visible_bounds_width": 2,
        "visible_bounds_height": 1.5,
        "visible_bounds_offset": [0, 0.25, 0]
      },
      "bones": [
        {
          "name": "egg",
          "pivot": [2, 0, -2]
        },
        {
          "name": "head",
          "parent": "egg",
          "pivot": [2, 0, -2],
          "cubes": [{ "origin": [-2, 7, -2], "size": [4, 1, 4], "uv": [0, 19] }]
        },
        {
          "name": "egg_base",
          "parent": "head",
          "pivot": [2, 0, -2],
          "cubes": [{ "origin": [-3, 5, -3], "size": [6, 2, 6], "uv": [0, 11] }]
        },
        {
          "name": "egg_basemid",
          "parent": "egg_base",
          "pivot": [2, 0, -2],
          "cubes": [
            { "origin": [-3.5, 1, -3.5], "size": [7, 4, 7], "uv": [0, 0] }
          ]
        },
        {
          "name": "egg_bottom",
          "parent": "egg_basemid",
          "pivot": [2, 0, -2],
          "cubes": [
            { "origin": [-3, 0, -3], "size": [6, 1, 6], "uv": [18, 13] }
          ]
        }
      ]
    }
  ]
}
