{
  "species": "cobblemon:charizard",
  "order": 1,
  "variations": [
    {
      "aspects": ["evolved"],
      "poser": "cobblemon:charizard",
      "model": "cobblemon:chefzard.geo",
      "texture": "cobblemon:textures/pokemon/chefzard/chefzard.png",
      "layers": [
        {
          "name": "flame",
          "texture": {
            "frames": [
              "cobblemon:textures/pokemon/chefzard/chefzard_flame1.png",
              "cobblemon:textures/pokemon/chefzard/chefzard_flame2.png",
              "cobblemon:textures/pokemon/chefzard/chefzard_flame3.png",
              "cobblemon:textures/pokemon/chefzard/chefzard_flame4.png"
            ],
            "fps": 10,
            "loop": true
          },
          "emissive": true,
          "translucent": true
        }
      ]
    },
    {
      "aspects": ["evolved", "shiny"],
      "poser": "cobblemon:charizard",
      "model": "cobblemon:chefzard.geo",
      "texture": "cobblemon:textures/pokemon/chefzard/chefzard_shiny.png",
      "layers": [
        {
          "name": "flame",
          "texture": {
            "frames": [
              "cobblemon:textures/pokemon/chefzard/chefzard_flame1.png",
              "cobblemon:textures/pokemon/chefzard/chefzard_flame2.png",
              "cobblemon:textures/pokemon/chefzard/chefzard_flame3.png",
              "cobblemon:textures/pokemon/chefzard/chefzard_flame4.png"
            ],
            "fps": 10,
            "loop": true
          },
          "emissive": true,
          "translucent": true
        }
      ]
    }
  ]
}
